<?xml version="1.0" encoding="UTF-8"?>
<typeSystemDescription xmlns="http://uima.apache.org/resourceSpecifier">
    <name>MyTypeSystem</name>
    <description>a basic type system</description>
    <version>1.0</version>
    <vendor>Björn Rudzewitz</vendor>
  <types>
    <typeDescription>
      <name>de.ws1718.ismla.UIMADemo.types.Token</name>
      <description>a word</description>
      <supertypeName>uima.tcas.Annotation</supertypeName>
      <features>
        <featureDescription>
          <name>lemma</name>
          <description>the word's lemma</description>
          <rangeTypeName>uima.cas.String</rangeTypeName>
        </featureDescription>
      </features>
    </typeDescription>
  </types>
</typeSystemDescription>
