<?xml version="1.0" encoding="UTF-8"?>
<analysisEngineDescription xmlns="http://uima.apache.org/resourceSpecifier">
  <frameworkImplementation>org.apache.uima.java</frameworkImplementation>
  <primitive>false</primitive>  
  <delegateAnalysisEngineSpecifiers>
    <delegateAnalysisEngine key="SimpleTokenizer">
      <import location="SimpleTokenizer.xml"/>
    </delegateAnalysisEngine>
    <delegateAnalysisEngine key="PrimitiveNPDetector">
      <import location="PrimitiveNPDetector.xml"/>
    </delegateAnalysisEngine>
  </delegateAnalysisEngineSpecifiers>
  <analysisEngineMetaData>
    <name>NPAAE</name>
    <description/>
    <version>1.0</version>
    <vendor/>
    <configurationParameters/>
    <configurationParameterSettings/>
    <flowConstraints>
      <fixedFlow>
        <node>SimpleTokenizer</node>
        <node>PrimitiveNPDetector</node>
      </fixedFlow>
    </flowConstraints>
    <fsIndexCollection/>
    <capabilities>
      <capability>
        <inputs/>
        <outputs>
          <type allAnnotatorFeatures="true">de.ws1718.ismla.UIMADemo.types.Token</type>
          <type allAnnotatorFeatures="true">de.ws1718.ismla.UIMADemo.types.NP</type>
        </outputs>
        <languagesSupported/>
      </capability>
    </capabilities>
  <operationalProperties>
      <modifiesCas>true</modifiesCas>
      <multipleDeploymentAllowed>true</multipleDeploymentAllowed>
      <outputsNewCASes>false</outputsNewCASes>
    </operationalProperties>
  </analysisEngineMetaData>
  <resourceManagerConfiguration/>
</analysisEngineDescription>
